<?xml version="1.0" encoding="UTF-8" standalone="yes"?>
<addon id="script.MBTV.tools"
  name="[B][COLOR darkorchid]MB[/COLOR][COLOR royalblue]TV[/COLOR] Build Tools[/B]"
  version="1.0.6.1" 
  provider-name="MeirB88">
  <requires>
    <!-- <import addon="xbmc.python" version="2.1.0"/> -->
  </requires>
  <extension point="xbmc.python.script" library="addon.py">
    <provides>MBTV</provides>
  </extension>
  <extension point="xbmc.addon.metadata">
    <platform>all</platform>
	<assets>
            <icon>icon.png</icon>
            <fanart>fanart.jpg</fanart>
    </assets>
    <summary lang="en">MBTV Build tools</summary>
    <description lang="en">MBTV Build tools</description>
	<disclaimer>MBTV Build tools</disclaimer>
  </extension>
</addon>
