<keymap><global><keyboard><key id="61495">activatewindow(1136)</key><key id="61496">SetProperty(quicknavsetup,1,home)</key><key id="61494">runaddon(script.anonymous.pairwith)</key><key id="61489">XBMC.ActivateWindow(SubtitleSearch)</key><key id="61497">ActivateWindow(35)</key><key id="61488">ActivateWindow(32)</key><key id="61493">RunScript(special://home/addons/script.subskeys/default.py,next)</key><key id="61492">RunScript(special://home/addons/script.subskeys/default.py,previous)</key><key id="61491">subtitledelayplus</key><key id="61490">subtitledelayminus</key><key id="61487">RunScript(special://home/addons/script.subskeys/default.py,background)</key></keyboard></global></keymap>