<fonts>

    <fontset id="Default">
        		<font>
			<name>lyr0</name>
			<filename>lyrics/FredokaOne-Regular.ttf</filename>
			<linespacing>0.9</linespacing>
			<size>36</size>
		</font>
		<font>
			<name>lyr1</name>
			<filename>lyrics/Theboldfont.ttf</filename>
			<size>120</size>
		</font>
		<font>
			<name>lyr1b</name>
			<filename>lyrics/PollerOne.ttf</filename>
			<linespacing>0.9</linespacing>
			<aspect>0.9</aspect>
			<size>54</size>
		</font>
		<font>
			<name>lyr2</name>
			<filename>lyrics/Luckiest Guy.ttf</filename>
			<style>uppercase</style>
			<linespacing>0.9</linespacing>
			<size>130</size>
		</font>
		<font>
			<name>lyr2b</name>
			<filename>lyrics/Exo2-Black.ttf</filename>
			<linespacing>0.80</linespacing>
			<size>58</size>
		</font>
		<font>
			<name>lyr3</name>
			<filename>lyrics/SF Distant Galaxy.ttf</filename>
			<style>lowercase</style>
			<linespacing>0.9</linespacing>
			<size>120</size>
		</font>
		<font>
			<name>lyr3b</name>
			<filename>lyrics/Ranchers-Regular.ttf</filename>
			<aspect>1.4</aspect>
			<linespacing>0.9</linespacing>
			<size>50</size>
		</font>
		<font>
			<name>lyr4</name>
			<filename>lyrics/Geomancy - Extra Bold.ttf</filename>
			<linespacing>0.9</linespacing>
			<size>120</size>
		</font>
		<font>
			<name>lyr4b</name>
			<filename>lyrics/hemi head bd it.ttf</filename>
			<style>bold</style>
			<linespacing>0.85</linespacing>
			<size>54</size>
		</font>
		<font>
			<name>lyr5</name>
			<filename>lyrics/BOXING.ttf</filename>
			<aspect>1.3</aspect>
			<style>lowercase</style>
			<linespacing>0.9</linespacing>
			<size>104</size>
		</font>
		<font>
			<name>lyr5b</name>
			<filename>lyrics/FredokaOne-Regular.ttf</filename>
			<linespacing>0.85</linespacing>
			<size>54</size>
		</font>
		<font>
			<name>lyr6</name>
			<style>uppercase</style>
			<filename>lyrics/Luckiest Guy.ttf</filename>
			<size>110</size>
		</font>
		<font>
			<name>lyr6a</name>
			<style>uppercase</style>
			<filename>lyrics/Luckiest Guy.ttf</filename>
			<size>165</size>
		</font>
		<font>
			<name>lyr6b</name>
			<style>uppercase</style>
			<filename>lyrics/Luckiest Guy.ttf</filename>
			<size>220</size>
		</font>
		<font>
			<name>lyr6c</name>
			<filename>lyrics/Exo2-Black.ttf</filename>
			<linespacing>0.80</linespacing>
			<size>56</size>
		</font>
		<font>
			<name>lyr7</name>
			<filename>lyrics/Theboldfont.ttf</filename>
			<size>120</size>
		</font>
		<font>
			<name>lyr7b</name>
			<filename>lyrics/PollerOne.ttf</filename>
			<linespacing>0.9</linespacing>
			<aspect>0.9</aspect>
			<size>54</size>
		</font>
		<font>
			<name>lyr8</name>
			<filename>lyrics/SF Distant Galaxy.ttf</filename>
			<style>lowercase</style>
			<linespacing>0.9</linespacing>
			<size>120</size>
		</font>
		<font>
			<name>lyr8b</name>
			<filename>lyrics/Ranchers-Regular.ttf</filename>
			<aspect>1.4</aspect>
			<linespacing>0.9</linespacing>
			<size>50</size>
		</font>
		<font>
			<name>lyr9</name>
			<filename>lyrics/Geomancy - Extra Bold.ttf</filename>
			<linespacing>0.9</linespacing>
			<size>130</size>
		</font>
		<font>
			<name>lyr9b</name>
			<filename>lyrics/hemi head bd it.ttf</filename>
			<style>bold</style>
			<linespacing>0.85</linespacing>
			<size>54</size>
		</font>
		<font>
			<name>lyr10</name>
			<style>uppercase</style>
			<filename>lyrics/Luckiest Guy.ttf</filename>
			<size>170</size>
		</font>
		<font>
			<name>lyr10b</name>
			<style>uppercase</style>
			<filename>lyrics/Luckiest Guy.ttf</filename>
			<size>145</size>
		</font>
		<font>
			<name>lyr10c</name>
			<style>uppercase</style>
			<filename>lyrics/Luckiest Guy.ttf</filename>
			<size>120</size>
		</font>
		<font>
			<name>lyr10d</name>
			<filename>lyrics/Exo2-Black.ttf</filename>
			<linespacing>0.80</linespacing>
			<size>56</size>
		</font>
		<font>
			<name>lyr11</name>
			<filename>lyrics/Theboldfont.ttf</filename>
			<size>120</size>
		</font>
		<font>
			<name>lyr11b</name>
			<filename>lyrics/PollerOne.ttf</filename>
			<linespacing>0.9</linespacing>
			<aspect>0.9</aspect>
			<size>54</size>
		</font>
		<font>
			<name>lyr12</name>
			<filename>lyrics/BOXING.ttf</filename>
			<style>lowercase</style>
			<linespacing>0.9</linespacing>
			<size>275</size>
		</font>
		<font>
			<name>lyr12b</name>
			<filename>lyrics/BOXING.ttf</filename>
			<style>lowercase</style>
			<linespacing>0.9</linespacing>
			<size>165</size>
		</font>
		<font>
			<name>lyr12c</name>
			<filename>lyrics/BOXING.ttf</filename>
			<style>lowercase</style>
			<linespacing>0.9</linespacing>
			<size>220</size>
		</font>
		<font>
			<name>lyr12d</name>
			<filename>lyrics/FredokaOne-Regular.ttf</filename>
			<linespacing>0.9</linespacing>
			<size>58</size>
		</font>
		<font>
			<name>lyr13</name>
			<filename>lyrics/SF Distant Galaxy.ttf</filename>
			<style>lowercase</style>
			<linespacing>0.9</linespacing>
			<size>120</size>
		</font>
		<font>
			<name>lyr13b</name>
			<filename>lyrics/Ranchers-Regular.ttf</filename>
			<aspect>1.4</aspect>
			<linespacing>0.9</linespacing>
			<size>50</size>
		</font>
		<font>
			<name>lyr14</name>
			<style>uppercase</style>
			<filename>lyrics/Luckiest Guy.ttf</filename>
			<size>130</size>
		</font>
		<font>
			<name>lyr14b</name>
			<style>uppercase</style>
			<filename>lyrics/Luckiest Guy.ttf</filename>
			<size>150</size>
		</font>
		<font>
			<name>lyr14c</name>
			<style>uppercase</style>
			<filename>lyrics/Luckiest Guy.ttf</filename>
			<size>170</size>
		</font>
		<font>
			<name>lyr14d</name>
			<filename>lyrics/Exo2-Black.ttf</filename>
			<linespacing>0.8</linespacing>
			<size>56</size>
		</font>
		<font>
			<name>lyr15</name>
			<filename>lyrics/Geomancy - Extra Bold.ttf</filename>
			<linespacing>0.9</linespacing>
			<size>130</size>
		</font>
		<font>
			<name>lyr15b</name>
			<filename>lyrics/hemi head bd it.ttf</filename>
			<style>bold</style>
			<linespacing>0.85</linespacing>
			<size>54</size>
		</font>
		<font>
			<name>lyr16</name>
			<filename>lyrics/Theboldfont.ttf</filename>
			<size>120</size>
		</font>
		<font>
			<name>lyr16b</name>
			<filename>lyrics/PollerOne.ttf</filename>
			<linespacing>0.9</linespacing>
			<aspect>0.9</aspect>
			<size>54</size>
		</font>
		<font>
			<name>lyr17</name>
			<style>uppercase</style>
			<filename>lyrics/Luckiest Guy.ttf</filename>
			<size>110</size>
		</font>
		<font>
			<name>lyr17a</name>
			<style>uppercase</style>
			<filename>lyrics/Luckiest Guy.ttf</filename>
			<size>165</size>
		</font>
		<font>
			<name>lyr17b</name>
			<style>uppercase</style>
			<filename>lyrics/Luckiest Guy.ttf</filename>
			<size>220</size>
		</font>
		<font>
			<name>lyr17c</name>
			<filename>lyrics/Exo2-Black.ttf</filename>
			<linespacing>0.80</linespacing>
			<size>56</size>
		</font>
		<font>
			<name>lyr18</name>
			<filename>lyrics/Geomancy - Extra Bold.ttf</filename>
			<linespacing>0.9</linespacing>
			<size>120</size>
		</font>
		<font>
			<name>lyr18b</name>
			<filename>lyrics/hemi head bd it.ttf</filename>
			<style>bold</style>
			<linespacing>0.85</linespacing>
			<size>54</size>
		</font>
		<font>
			<name>lyr19</name>
			<filename>lyrics/BOXING.ttf</filename>
			<style>lowercase</style>
			<linespacing>0.9</linespacing>
			<size>230</size>
		</font>
		<font>
			<name>lyr19b</name>
			<filename>lyrics/BOXING.ttf</filename>
			<style>lowercase</style>
			<linespacing>0.9</linespacing>
			<size>170</size>
		</font>
		<font>
			<name>lyr19c</name>
			<filename>lyrics/BOXING.ttf</filename>
			<style>lowercase</style>
			<linespacing>0.9</linespacing>
			<size>115</size>
		</font>
		<font>
			<name>lyr19d</name>
			<filename>lyrics/FredokaOne-Regular.ttf</filename>
			<linespacing>0.9</linespacing>
			<size>58</size>
		</font>
		<font>
			<name>lyr20</name>
			<filename>lyrics/SF Distant Galaxy.ttf</filename>
			<style>lowercase</style>
			<linespacing>0.9</linespacing>
			<size>120</size>
		</font>
		<font>
			<name>lyr20b</name>
			<filename>lyrics/Ranchers-Regular.ttf</filename>
			<aspect>1.4</aspect>
			<linespacing>0.9</linespacing>
			<size>50</size>
		</font>
		<!-- Normal Fonts -->
		<font>
			<name>fontArial15</name>
			<filename>OpenSansHebrew-Bold.ttf</filename>
			<size>35</size>
		</font>
		<font>
			<name>font10</name>
			<filename>OpenSansHebrew-Bold.ttf</filename>
			<size>18</size>
		</font>
		<font>
			<name>font11_compact</name>
			<filename>OpenSansHebrew-Bold.ttf</filename>
			<size>20</size>
			<linespacing>.8</linespacing>
		</font>
		<font>
			<name>font12</name>
			<filename>OpenSansHebrew-Bold.ttf</filename>
			<size>23</size>
		</font>
		<font>
			<name>font13</name>
			<filename>OpenSansHebrew-Bold.ttf</filename>
			<size>26</size>
		</font>
		<font>
			<name>font13_bold</name>
			<filename>OpenSansHebrew-Bold.ttf</filename>
			<style>bold</style>
			<size>26</size>
		</font>
		<font>
			<name>font14_textbox</name>
			<filename>OpenSansHebrew-Bold.ttf</filename>
			<size>30</size>
			<linespacing>1.27</linespacing>
		</font>
		<font>
			<name>font14_textbox2</name>
			<filename>OpenSansHebrew-Bold.ttf</filename>
			<size>30</size>
			<linespacing>1.1</linespacing>
		</font>
		<font>
			<name>font15_textbox</name>
			<filename>OpenSansHebrew-Bold.ttf</filename>
			<size>32</size>
			<linespacing>1.4</linespacing>
		</font>
		<font>
			<name>font15_textbox2</name>
			<filename>OpenSansHebrew-Bold.ttf</filename>
			<size>32</size>
			<linespacing>1.26</linespacing>
		</font>
		<font>
			<name>font14</name>
			<filename>OpenSansHebrew-Bold.ttf</filename>
			<size>30</size>
		</font>
		<font>
			<name>font15</name>
			<filename>OpenSansHebrew-Bold.ttf</filename>
			<size>35</size>
		</font>
		<font>
			<name>font15_bold</name>
			<filename>OpenSansHebrew-Bold.ttf</filename>
			<style>bold</style>
			<size>32</size>
		</font>
		<font>
			<name>font16</name>
			<filename>OpenSansHebrew-Bold.ttf</filename>
			<size>35</size>
		</font>
		<font>
			<name>font16_bold</name>
			<filename>OpenSansHebrew-Bold.ttf</filename>
			<style>bold</style>
			<size>35</size>
		</font>
		<font>
			<name>font16_textbox</name>
			<filename>OpenSansHebrew-Bold.ttf</filename>
			<size>35</size>
			<linespacing>1.4</linespacing>
		</font>
		<font>
			<name>font16bold_textbox</name>
			<filename>OpenSansHebrew-Bold.ttf</filename>
			<style>bold</style>
			<size>35</size>
			<linespacing>1.5</linespacing>
		</font>
		<font>
			<name>font30</name>
			<filename>OpenSansHebrew-Bold.ttf</filename>
			<size>42</size>
		</font>
		<font>
			<name>font48</name>
			<filename>OpenSansHebrew-Bold.ttf</filename>
			<size>45</size>
		</font>
		<font>
			<name>font48_bold</name>
			<filename>OpenSansHebrew-Bold.ttf</filename>
			<style>bold</style>
			<size>45</size>
		</font>
		<font>
			<name>font52_bold</name>
			<filename>OpenSansHebrew-Bold.ttf</filename>
			<style>bold</style>
			<size>49</size>
		</font>
		<!-- LiveTV Fonts -->
		<font>
			<name>font65</name>
			<filename>OpenSansHebrew-Bold.ttf</filename>
			<size>62</size>
		</font>
		<font>
			<name>font58</name>
			<filename>OpenSansHebrew-Bold.ttf</filename>
			<size>55</size>
		</font>
		<font>
			<name>font24_bold</name>
			<filename>OpenSansHebrew-Bold.ttf</filename>
			<size>21</size>
			<style>bold</style>
		</font>
		<font>
			<name>font28_bold</name>
			<filename>OpenSansHebrew-Bold.ttf</filename>
			<size>25</size>
			<style>bold</style>
		</font>
		<font>
			<name>font52_bold</name>
			<filename>OpenSansHebrew-Bold.ttf</filename>
			<style>bold</style>
			<size>45</size>
		</font>
		<font>
			<name>font11</name>
			<filename>OpenSansHebrew-Bold.ttf</filename>
			<size>21</size>
		</font>
		<font>
			<name>font12b</name>
			<filename>OpenSansHebrew-Bold.ttf</filename>
			<size>24</size>
		</font>
		<font>
			<name>font13b</name>
			<filename>OpenSansHebrew-Bold.ttf</filename>
			<size>29</size>
		</font>
		<!-- Title Fonts -->
		<font>
			<name>font12_title</name>
			<filename>OpenSansHebrew-Bold.ttf</filename>
			<style>uppercase</style>
			<size>23</size>
		</font>
		<font>
			<name>font13_title</name>
			<filename>OpenSansHebrew-Bold.ttf</filename>
			<style>uppercase</style>
			<size>27</size>
		</font>
		<font>
			<name>font14_title</name>
			<filename>OpenSansHebrew-Bold.ttf</filename>
			<style>uppercase</style>
			<size>30</size>
		</font>
		<font>
			<name>font15_title</name>
			<filename>OpenSansHebrew-Bold.ttf</filename>
			<style>uppercase</style>
			<size>32</size>
		</font>
		<font>
			<name>font16_title</name>
			<filename>OpenSansHebrew-Bold.ttf</filename>
			<style>uppercase</style>
			<size>35</size>
		</font>
		<font>
			<name>font16_title_bold</name>
			<filename>OpenSansHebrew-Bold.ttf</filename>
			<style>uppercase bold</style>
			<size>35</size>
		</font>
		<font>
			<name>font24_title</name>
			<filename>OpenSansHebrew-Bold.ttf</filename>
			<style>uppercase</style>
			<size>33</size>
		</font>
		<font>
			<name>font28_title</name>
			<filename>OpenSansHebrew-Bold.ttf</filename>
			<style>uppercase</style>
			<size>39</size>
		</font>
		<font>
			<name>font30_title</name>
			<filename>OpenSansHebrew-Bold.ttf</filename>
			<style>uppercase</style>
			<size>42</size>
		</font>
		<font>
			<name>font30_title_bold</name>
			<filename>OpenSansHebrew-Bold.ttf</filename>
			<style>uppercase bold</style>
			<size>42</size>
		</font>
		<font>
			<name>font48_title</name>
			<filename>OpenSansHebrew-Bold.ttf</filename>
			<style>uppercase</style>
			<size>45</size>
		</font>
		<font>
			<name>font35_title</name>
			<filename>OpenSansHebrew-Bold.ttf</filename>
			<style>uppercase</style>
			<size>49</size>
		</font>
		<font>
			<name>font45caps_title</name>
			<filename>OpenSansHebrew-Bold.ttf</filename>
			<style>uppercase</style>
			<size>65</size>
		</font>
		<font>
			<name>font80caps_title</name>
			<filename>OpenSansHebrew-Bold.ttf</filename>
			<style>uppercase</style>
			<size>77</size>
		</font>
		<font>
			<name>font_musicviz</name>
			<filename>OpenSansHebrew-Bold.ttf</filename>
			<linespacing>0</linespacing>
			<style>uppercase</style>
			<size>65</size>
		</font>
		<font>
			<name>font_skinversion</name>
			<filename>LeagueGothic-Regular.ttf</filename>
			<linespacing>0</linespacing>
			<size>65</size>
		</font>
		<font>
			<name>font_kodiversion</name>
			<filename>LeagueGothic-Regular.ttf</filename>
			<linespacing>0</linespacing>
			<size>50</size>
		</font>
		<font>
			<name>font_MainMenu</name>
			<filename>OpenSansHebrew-Bold.ttf</filename>
			<linespacing>0</linespacing>
			<style>uppercase</style>
			<size>75</size>
		</font>
		<font>
			<name>font_VerticalMainMenu</name>
			<filename>OpenSansHebrew-Bold.ttf</filename>
			<style>uppercase</style>
			<size>55</size>
		</font>
		<font>
			<name>BigAssFont</name>
			<filename>OpenSansHebrew-Bold.ttf</filename>
			<size>550</size>
		</font>
		<font>
			<name>WeatherTemp</name>
			<filename>OpenSansHebrew-Bold.ttf</filename>
			<style>uppercase</style>
			<size>117</size>
		</font>
		<!-- Icons -->
		<font>
			<name>IconTiny</name>
			<filename>webhostinghub-glyphs.ttf</filename>
			<size>26</size>
		</font>
		<font>
			<name>IconSmall</name>
			<filename>webhostinghub-glyphs.ttf</filename>
			<size>30</size>
		</font>
		<font>
			<name>IconMedium</name>
			<filename>webhostinghub-glyphs.ttf</filename>
			<size>36</size>
		</font>
		<font>
			<name>IconMediumMD</name>
			<filename>MaterialIcons-Regular.ttf</filename>
			<size>50</size>
		</font>
		<font>
			<name>CloseButton</name>
			<filename>webhostinghub-glyphs.ttf</filename>
			<size>20</size>
		</font>
		<!-- Misc Fonts -->
		<font>
			<name>fontCDartist</name>
			<filename>PermanentMarker.ttf</filename>
			<size>45</size>
			<linespacing>.8</linespacing>
		</font>
		<font>
			<name>fontCDalbum</name>
			<filename>PermanentMarker.ttf</filename>
			<size>36</size>
			<linespacing>.8</linespacing>
		</font>
		<font>
			<name>fontScriptLyrics</name>
			<filename>gnyrwn971.ttf</filename>
			<size>55</size>
		</font>
        <font>
            <name>Font-Header</name>
            <filename>OpenSansHebrew-Bold.ttf</filename>
            <size>70</size>
        </font>
        <font>
            <name>Font-Header2</name>
            <filename>OpenSansHebrew-Bold.ttf</filename>
            <size>60</size>
        </font> 
        <font>
            <name>Font-Header3</name>
            <filename>OpenSansHebrew-Bold.ttf</filename>
            <size>80</size>
        </font>               
        <font>
            <name>Font-View</name>
            <filename>OpenSansHebrew-Bold.ttf</filename>
            <size>50</size>
        </font>
        <font>
            <name>Font-Sublabel</name>
            <filename>OpenSansHebrew-Bold.ttf</filename>
            <size>24</size>
        </font>
        <font>
            <name>Font-Sublabel_2</name>
            <filename>OpenSansHebrew-Bold.ttf</filename>
            <size>24</size>
        </font>
        <font>
            <name>Font-Sublabel_3</name>
            <filename>OpenSansHebrew-Bold.ttf</filename>
            <size>20</size>
        </font>                 
        <font>
            <name>Font-HomeMenu</name>
            <filename>OpenSansHebrew-Bold.ttf</filename>
            <size>27</size>
        </font>
        <font>
            <name>Font-Button</name>
            <filename>OpenSansHebrew-Bold.ttf</filename>
            <size>33</size>
        </font>
        <font>
            <name>Font-Button-Black</name>
            <filename>OpenSansHebrew-Bold.ttf</filename>
            <size>35</size>
        </font>
        <font>
            <name>Font-ListInfo-Bold</name>
            <filename>OpenSansHebrew-Bold.ttf</filename>
            <size>30</size>
            <linespacing>1.08</linespacing>
        </font>
        <font>
            <name>Font-ListInfo</name>
            <filename>OpenSansHebrew-Bold.ttf</filename>
            <size>32</size>
            <linespacing>0.90</linespacing>
        </font>
		<font>
            <name>Font-ListInfo1</name>
            <filename>OpenSansHebrew-Bold.ttf</filename>
            <size>26</size>
            <linespacing>0.90</linespacing>
        </font>
			<font>
            <name>Font-ListInfo5</name>
            <filename>OpenSansHebrew-Bold.ttf</filename>
            <size>34</size>
            <linespacing>0.90</linespacing>
        </font>
         <font>
            <name>Font-ListInfo2</name>
            <filename>OpenSansHebrew-Bold.ttf</filename>
            <size>35</size>
            <linespacing>0.90</linespacing>
        </font>
         <font>
            <name>Font-ListInfo3</name>
            <filename>OpenSansHebrew-Bold.ttf</filename>
            <size>24</size>
            <linespacing>0.90</linespacing>
        </font>
        <font>
            <name>Font-ListInfo-Big</name>
            <filename>OpenSansHebrew-Bold.ttf</filename>
            <size>38</size>
            <linespacing>1.08</linespacing>
        </font>
        <font>
            <name>Font-ListInfo-Small</name>
            <filename>OpenSansHebrew-Bold.ttf</filename>
            <size>27</size>
        </font>
        <font>
            <name>Font-RSS</name>
            <filename>OpenSansHebrew-Bold.ttf</filename>
            <size>25</size>
        </font>
        <font>
            <name>Font-ListInfo-Small-Bold</name>
            <filename>OpenSansHebrew-Bold.ttf</filename>
            <size>27</size>
        </font>
        <font>
            <name>Font-OSD</name>
            <filename>OpenSansHebrew-Bold.ttf</filename>
            <size>25</size>
            <aspect>0.9</aspect>
        </font>
        <font>
            <name>Font-InfoBox-Title</name>
            <filename>OpenSansHebrew-Regular.ttf</filename>
            <size>36</size>
        </font>
        <font>
            <name>Font-WidgetInfoTitle</name>
            <filename>OpenSansHebrew-Bold.ttf</filename>
            <size>48</size>
        </font>
        
        <font>
            <name>font13</name>
            <filename>OpenSansHebrew-Bold.ttf</filename>
            <size>21</size>
        </font>
		<font>
			<name>spotimc_font14</name>
			<filename>OpenSansHebrew-Bold.ttf</filename>
			<size>14</size>
		</font>
		<font>
			<name>spotimc_font16</name>
			<filename>OpenSansHebrew-Bold.ttf</filename>
			<size>16</size>
		</font>
		<font>
			<name>spotimc_font18</name>
			<filename>OpenSansHebrew-Bold.ttf</filename>
			<size>18</size>
		</font>
		<font>
			<name>spotimc_font20</name>
			<filename>OpenSansHebrew-Bold.ttf</filename>
			<size>20</size>
		</font>
		<font>
			<name>spotimc_font22</name>
			<filename>OpenSansHebrew-Bold.ttf</filename>
			<size>22</size>
		</font>
		<font>
			<name>spotimc_font24</name>
			<filename>OpenSansHebrew-Bold.ttf</filename>
			<size>24</size>
		</font>
		<font>
			<name>spotimc_font32</name>
			<filename>OpenSansHebrew-Bold.ttf</filename>
			<size>32</size>
		</font>
		<font>
			<name>spotimc_font48</name>
			<filename>OpenSansHebrew-Bold.ttf</filename>
			<size>48</size>
		</font>
		<font>
			<name>spotimc_font60</name>
			<filename>OpenSansHebrew-Bold.ttf</filename>
			<size>60</size>
		</font>
		<font>
			<name>spotimc_font14</name>
			<filename>OpenSansHebrew-Bold.ttf</filename>
			<size>14</size>
		</font>
		<font>
			<name>spotimc_font16</name>
			<filename>OpenSansHebrew-Bold.ttf</filename>
			<size>16</size>
		</font>
		<font>
			<name>spotimc_font18</name>
			<filename>OpenSansHebrew-Bold.ttf</filename>
			<size>18</size>
		</font>
		<font>
			<name>spotimc_font20</name>
			<filename>OpenSansHebrew-Bold.ttf</filename>
			<size>20</size>
		</font>
		<font>
			<name>spotimc_font22</name>
			<filename>OpenSansHebrew-Bold.ttf</filename>
			<size>22</size>
		</font>
		<font>
			<name>spotimc_font24</name>
			<filename>OpenSansHebrew-Bold.ttf</filename>
			<size>24</size>
		</font>
		<font>
			<name>spotimc_font32</name>
			<filename>OpenSansHebrew-Bold.ttf</filename>
			<size>32</size>
		</font>
		<font>
			<name>spotimc_font48</name>
			<filename>OpenSansHebrew-Bold.ttf</filename>
			<size>48</size>
		</font>
		<font>
			<name>spotimc_font60</name>
			<filename>OpenSansHebrew-Bold.ttf</filename>
			<size>60</size>
		</font>
        <font>
            <name>Lyrics</name>
            <filename>OpenSansHebrew-Bold.ttf</filename>
            <size>120</size>
        </font>
		<font>
			<name>lyrics1</name>
			<filename>OpenSansHebrew-Bold.ttf</filename>
			<style>lowercase</style>
			<linespacing>0.9</linespacing>
			<size>120</size>
		</font>
		<font>
			<name>lyrics1b</name>
			<filename>OpenSansHebrew-Bold.ttf</filename>
			<linespacing>0.8</linespacing>
			<size>75</size>
		</font>
		<font>
			<name>lyrics2</name>
			<filename>OpenSansHebrew-Bold.ttf</filename>
			<linespacing>0.9</linespacing>
			<size>120</size>
		</font>
		<font>
			<name>lyrics2b</name>
			<filename>OpenSansHebrew-Bold.ttf</filename>
			<linespacing>0.85</linespacing>
			<size>62</size>
		</font>
		<font>
			<name>lyrics3</name>
			<filename>OpenSansHebrew-Bold.ttf</filename>
			<linespacing>0.9</linespacing>
			<size>120</size>
		</font>
		<font>
			<name>lyrics3b</name>
			<filename>OpenSansHebrew-Bold.ttf</filename>
			<linespacing>0.85</linespacing>
			<size>62</size>
		</font>
		<font>
			<name>lyrics4</name>
			<filename>OpenSansHebrew-Bold.ttf</filename>
			<linespacing>0.8</linespacing>
			<size>60</size>
		</font>
		<font>
			<name>lyrics4b</name>
			<filename>OpenSansHebrew-Bold.ttf</filename>
			<linespacing>0.9</linespacing>
			<size>120</size>
		</font>
		<font>
			<name>lyrics5</name>
			<style>uppercase</style>
			<filename>OpenSansHebrew-Bold.ttf</filename>
			<size>140</size>
		</font>
		<font>
			<name>lyrics5b</name>
			<filename>OpenSansHebrew-Bold.ttf</filename>
			<linespacing>0.8</linespacing>
			<size>75</size>
		</font>
		<font>
			<name>lyrics6</name>
			<filename>OpenSansHebrew-Bold.ttf</filename>
			<aspect>1.3</aspect>
			<style>lowercase</style>
			<linespacing>0.9</linespacing>
			<size>104</size>
		</font>
		<font>
			<name>lyrics6b</name>
			<filename>OpenSansHebrew-Bold.ttf</filename>
			<linespacing>0.8</linespacing>
			<size>60</size>
		</font>
		<font>
			<name>lyrics7</name>
			<filename>OpenSansHebrew-Bold.ttf</filename>
			<style>lowercase</style>
			<linespacing>0.9</linespacing>
			<size>120</size>
		</font>
		<font>
			<name>lyrics7b</name>
			<filename>OpenSansHebrew-Bold.ttf</filename>
			<linespacing>0.85</linespacing>
			<size>62</size>
		</font>
		<font>
			<name>lyrics8</name>
			<filename>OpenSansHebrew-Bold.ttf</filename>
			<linespacing>0.9</linespacing>
			<size>120</size>
		</font>
		<font>
			<name>lyrics8b</name>
			<filename>OpenSansHebrew-Bold.ttf</filename>
			<linespacing>0.85</linespacing>
			<size>70</size>
		</font>
		<font>
			<name>lyrics9</name>
			<filename>OpenSansHebrew-Bold.ttf</filename>
			<style>lowercase</style>
			<linespacing>0.9</linespacing>
			<size>275</size>
		</font>
		<font>
			<name>lyrics9b</name>
			<filename>OpenSansHebrew-Bold.ttf</filename>
			<style>lowercase</style>
			<linespacing>0.9</linespacing>
			<size>165</size>
		</font>
		<font>
			<name>lyrics9c</name>
			<filename>OpenSansHebrew-Bold.ttf</filename>
			<style>lowercase</style>
			<linespacing>0.9</linespacing>
			<size>220</size>
		</font>
		<font>
			<name>lyrics9d</name>
			<filename>OpenSansHebrew-Bold.ttf</filename>
			<linespacing>0.85</linespacing>
			<size>60</size>
		</font>
		<font>
			<name>lyrics0</name>
			<style>uppercase</style>
			<filename>OpenSansHebrew-Bold.ttf</filename>
			<size>125</size>
		</font>
		<font>
			<name>lyrics0a</name>
			<style>uppercase</style>
			<filename>OpenSansHebrew-Bold.ttf</filename>
			<size>175</size>
		</font>
		<font>
			<name>lyrics0b</name>
			<style>uppercase</style>
			<filename>OpenSansHebrew-Bold.ttf</filename>
			<size>225</size>
		</font>
		<font>
			<name>lyrics0c</name>
			<filename>OpenSansHebrew-Bold.ttf</filename>
			<linespacing>0.85</linespacing>
			<size>70</size>
		</font>
		<font>
			<name>lyrics1s</name>
			<filename>OpenSansHebrew-Bold.ttf</filename>
			<linespacing>1.15</linespacing>
			<size>76</size>
		</font>
		<font>
			<name>lyrics3s</name>
			<filename>OpenSansHebrew-Bold.ttf</filename>
			<linespacing>0.80</linespacing>
			<aspect>1.1</aspect>
			<size>92</size>
		</font>
		<font>
			<name>lyrics5s</name>
			<filename>OpenSansHebrew-Bold.ttf</filename>
			<linespacing>0.8</linespacing>
			<size>80</size>
		</font>
		<font>
			<name>lyrics7s</name>
			<filename>OpenSansHebrew-Bold.ttf</filename>
			<style>bold</style>
			<linespacing>0.75</linespacing>
			<size>72</size>
		</font>
		<font>
			<name>lyrics9s</name>
			<filename>OpenSansHebrew-Bold.ttf</filename>
			<linespacing>0.85</linespacing>
			<size>80</size>
		</font>										
	</fontset>
    
    <fontset id="Arial1">
        
        <font>
            <name>Font-Header</name>
            <filename>arial.ttf</filename>
            <size>75</size>
        </font>
        <font>
            <name>Font-Header2</name>
            <filename>arial.ttf</filename>
            <size>60</size>
        </font> 
        <font>
            <name>Font-Header3</name>
            <filename>arial.ttf</filename>
            <size>80</size>
        </font>        
        <font>
            <name>Font-View</name>
            <filename>arial.ttf</filename>
            <size>50</size>
        </font>
        <font>
            <name>Font-Sublabel</name>
            <filename>arial.ttf</filename>
            <size>32</size>
        </font>
        <font>
            <name>Font-Sublabel_2</name>
            <filename>arial.ttf</filename>
            <size>22</size>
        </font>
        <font>
            <name>Font-Sublabel_3</name>
            <filename>arial.ttf</filename>
            <size>20</size>
        </font>                
        <font>
            <name>Font-HomeMenu</name>
            <filename>arial.ttf</filename>
            <size>28</size>
        </font>
        <font>
            <name>Font-Button</name>
            <filename>arial.ttf</filename>
            <size>32</size>
        </font>
        <font>
            <name>Font-Button-Black</name>
            <filename>arial.ttf</filename>
            <size>32</size>
        </font>
        <font>
            <name>Font-ListInfo-Bold</name>
            <filename>arial.ttf</filename>
            <size>30</size>
            <linespacing>1.08</linespacing>
        </font>
        <font>
            <name>Font-ListInfo</name>
            <filename>arial.ttf</filename>
            <size>30</size>
            <linespacing>1.08</linespacing>
        </font>
        <font>
            <name>Font-ListInfo-Big</name>
            <filename>arial.ttf</filename>
            <size>38</size>
            <linespacing>1.08</linespacing>
        </font>
        <font>
            <name>Font-ListInfo-Small</name>
            <filename>arial.ttf</filename>
            <size>27</size>
        </font>
        <font>
            <name>Font-RSS</name>
            <filename>arial.ttf</filename>
            <size>24</size>
        </font>
        <font>
            <name>Font-ListInfo-Small-Bold</name>
            <filename>arial.ttf</filename>
            <size>27</size>
        </font>
        <font>
            <name>Font-OSD</name>
            <filename>arial.ttf</filename>
            <size>25</size>
            <aspect>0.9</aspect>
        </font>
        <font>
            <name>Font-InfoBox-Title</name>
            <filename>arial.ttf</filename>
            <size>36</size>
        </font>
        <font>
            <name>Font-WidgetInfoTitle</name>
            <filename>arial.ttf</filename>
            <size>48</size>
        </font>
        
        <font>
            <name>font13</name>
            <filename>arial.ttf</filename>
            <size>21</size>
        </font>
       <font>
            <name>Lyrics</name>
            <filename>lyrspin04.ttf</filename>
            <size>120</size>
        </font>
		<font>
			<name>lyrics1</name>
			<filename>lyrspin03.ttf</filename>
			<style>lowercase</style>
			<linespacing>0.9</linespacing>
			<size>120</size>
		</font>
		<font>
			<name>lyrics1b</name>
			<filename>lyrspin04.ttf</filename>
			<linespacing>0.8</linespacing>
			<size>75</size>
		</font>
		<font>
			<name>lyrics2</name>
			<filename>lyrspin09.ttf</filename>
			<linespacing>0.9</linespacing>
			<size>120</size>
		</font>
		<font>
			<name>lyrics2b</name>
			<filename>lyrspin01.ttf</filename>
			<linespacing>0.85</linespacing>
			<size>62</size>
		</font>
		<font>
			<name>lyrics3</name>
			<filename>lyrspin05.ttf</filename>
			<linespacing>0.9</linespacing>
			<size>120</size>
		</font>
		<font>
			<name>lyrics3b</name>
			<filename>lyrspin06.ttf</filename>
			<linespacing>0.85</linespacing>
			<size>62</size>
		</font>
		<font>
			<name>lyrics4</name>
			<filename>lyrspin08.ttf</filename>
			<linespacing>0.8</linespacing>
			<size>60</size>
		</font>
		<font>
			<name>lyrics4b</name>
			<filename>lyrspin09.ttf</filename>
			<linespacing>0.9</linespacing>
			<size>120</size>
		</font>
		<font>
			<name>lyrics5</name>
			<style>uppercase</style>
			<filename>lyrspin10.ttf</filename>
			<size>140</size>
		</font>
		<font>
			<name>lyrics5b</name>
			<filename>lyrspin04.ttf</filename>
			<linespacing>0.8</linespacing>
			<size>75</size>
		</font>
		<font>
			<name>lyrics6</name>
			<filename>lyrspin07.ttf</filename>
			<aspect>1.3</aspect>
			<style>lowercase</style>
			<linespacing>0.9</linespacing>
			<size>104</size>
		</font>
		<font>
			<name>lyrics6b</name>
			<filename>lyrspin08.ttf</filename>
			<linespacing>0.8</linespacing>
			<size>60</size>
		</font>
		<font>
			<name>lyrics7</name>
			<filename>lyrspin03.ttf</filename>
			<style>lowercase</style>
			<linespacing>0.9</linespacing>
			<size>120</size>
		</font>
		<font>
			<name>lyrics7b</name>
			<filename>lyrspin06.ttf</filename>
			<linespacing>0.85</linespacing>
			<size>62</size>
		</font>
		<font>
			<name>lyrics8</name>
			<filename>lyrspin05.ttf</filename>
			<linespacing>0.9</linespacing>
			<size>120</size>
		</font>
		<font>
			<name>lyrics8b</name>
			<filename>lyrspin02.ttf</filename>
			<linespacing>0.85</linespacing>
			<size>70</size>
		</font>
		<font>
			<name>lyrics9</name>
			<filename>lyrspin07.ttf</filename>
			<style>lowercase</style>
			<linespacing>0.9</linespacing>
			<size>275</size>
		</font>
		<font>
			<name>lyrics9b</name>
			<filename>lyrspin07.ttf</filename>
			<style>lowercase</style>
			<linespacing>0.9</linespacing>
			<size>165</size>
		</font>
		<font>
			<name>lyrics9c</name>
			<filename>lyrspin07.ttf</filename>
			<style>lowercase</style>
			<linespacing>0.9</linespacing>
			<size>220</size>
		</font>
		<font>
			<name>lyrics9d</name>
			<filename>lyrspin01.ttf</filename>
			<linespacing>0.85</linespacing>
			<size>60</size>
		</font>
		<font>
			<name>lyrics0</name>
			<style>uppercase</style>
			<filename>lyrspin10.ttf</filename>
			<size>125</size>
		</font>
		<font>
			<name>lyrics0a</name>
			<style>uppercase</style>
			<filename>lyrspin10.ttf</filename>
			<size>175</size>
		</font>
		<font>
			<name>lyrics0b</name>
			<style>uppercase</style>
			<filename>lyrspin10.ttf</filename>
			<size>225</size>
		</font>
		<font>
			<name>lyrics0c</name>
			<filename>lyrspin02.ttf</filename>
			<linespacing>0.85</linespacing>
			<size>70</size>
		</font>
		<font>
			<name>lyrics1s</name>
			<filename>lyrspin02.ttf</filename>
			<linespacing>1.15</linespacing>
			<size>76</size>
		</font>
		<font>
			<name>lyrics3s</name>
			<filename>lyrspin04.ttf</filename>
			<linespacing>0.80</linespacing>
			<aspect>1.1</aspect>
			<size>92</size>
		</font>
		<font>
			<name>lyrics5s</name>
			<filename>lyrspin01.ttf</filename>
			<linespacing>0.8</linespacing>
			<size>80</size>
		</font>
		<font>
			<name>lyrics7s</name>
			<filename>lyrspin08.ttf</filename>
			<style>bold</style>
			<linespacing>0.75</linespacing>
			<size>72</size>
		</font>
		<font>
			<name>lyrics9s</name>
			<filename>lyrspin06.ttf</filename>
			<linespacing>0.85</linespacing>
			<size>80</size>
		</font>	        
		<font>
			<name>spotimc_font14</name>
			<filename>spotimc.ttf</filename>
			<size>14</size>
		</font>
		<font>
			<name>spotimc_font16</name>
			<filename>spotimc.ttf</filename>
			<size>16</size>
		</font>
		<font>
			<name>spotimc_font18</name>
			<filename>spotimc.ttf</filename>
			<size>18</size>
		</font>
		<font>
			<name>spotimc_font20</name>
			<filename>spotimc.ttf</filename>
			<size>20</size>
		</font>
		<font>
			<name>spotimc_font22</name>
			<filename>spotimc.ttf</filename>
			<size>22</size>
		</font>
		<font>
			<name>spotimc_font24</name>
			<filename>spotimc.ttf</filename>
			<size>24</size>
		</font>
		<font>
			<name>spotimc_font32</name>
			<filename>spotimc.ttf</filename>
			<size>32</size>
		</font>
		<font>
			<name>spotimc_font48</name>
			<filename>spotimc.ttf</filename>
			<size>48</size>
		</font>
		<font>
			<name>spotimc_font60</name>
			<filename>spotimc.ttf</filename>
			<size>60</size>
		</font>
		<font>
			<name>spotimc_font14</name>
			<filename>spotimc.ttf</filename>
			<size>14</size>
		</font>
		<font>
			<name>spotimc_font16</name>
			<filename>spotimc.ttf</filename>
			<size>16</size>
		</font>
		<font>
			<name>spotimc_font18</name>
			<filename>spotimc.ttf</filename>
			<size>18</size>
		</font>
		<font>
			<name>spotimc_font20</name>
			<filename>spotimc.ttf</filename>
			<size>20</size>
		</font>
		<font>
			<name>spotimc_font22</name>
			<filename>spotimc.ttf</filename>
			<size>22</size>
		</font>
		<font>
			<name>spotimc_font24</name>
			<filename>spotimc.ttf</filename>
			<size>24</size>
		</font>
		<font>
			<name>spotimc_font32</name>
			<filename>spotimc.ttf</filename>
			<size>32</size>
		</font>
		<font>
			<name>spotimc_font48</name>
			<filename>spotimc.ttf</filename>
			<size>48</size>
		</font>
		<font>
			<name>spotimc_font60</name>
			<filename>spotimc.ttf</filename>
			<size>60</size>
		</font>
		
	</fontset>  

    <fontset id="Arial">
        		<font>
			<name>lyr0</name>
			<filename>lyrics/FredokaOne-Regular.ttf</filename>
			<linespacing>0.9</linespacing>
			<size>36</size>
		</font>
		<font>
			<name>lyr1</name>
			<filename>lyrics/Theboldfont.ttf</filename>
			<size>120</size>
		</font>
		<font>
			<name>lyr1b</name>
			<filename>lyrics/PollerOne.ttf</filename>
			<linespacing>0.9</linespacing>
			<aspect>0.9</aspect>
			<size>54</size>
		</font>
		<font>
			<name>lyr2</name>
			<filename>lyrics/Luckiest Guy.ttf</filename>
			<style>uppercase</style>
			<linespacing>0.9</linespacing>
			<size>130</size>
		</font>
		<font>
			<name>lyr2b</name>
			<filename>lyrics/Exo2-Black.ttf</filename>
			<linespacing>0.80</linespacing>
			<size>58</size>
		</font>
		<font>
			<name>lyr3</name>
			<filename>lyrics/SF Distant Galaxy.ttf</filename>
			<style>lowercase</style>
			<linespacing>0.9</linespacing>
			<size>120</size>
		</font>
		<font>
			<name>lyr3b</name>
			<filename>lyrics/Ranchers-Regular.ttf</filename>
			<aspect>1.4</aspect>
			<linespacing>0.9</linespacing>
			<size>50</size>
		</font>
		<font>
			<name>lyr4</name>
			<filename>lyrics/Geomancy - Extra Bold.ttf</filename>
			<linespacing>0.9</linespacing>
			<size>120</size>
		</font>
		<font>
			<name>lyr4b</name>
			<filename>lyrics/hemi head bd it.ttf</filename>
			<style>bold</style>
			<linespacing>0.85</linespacing>
			<size>54</size>
		</font>
		<font>
			<name>lyr5</name>
			<filename>lyrics/BOXING.ttf</filename>
			<aspect>1.3</aspect>
			<style>lowercase</style>
			<linespacing>0.9</linespacing>
			<size>104</size>
		</font>
		<font>
			<name>lyr5b</name>
			<filename>lyrics/FredokaOne-Regular.ttf</filename>
			<linespacing>0.85</linespacing>
			<size>54</size>
		</font>
		<font>
			<name>lyr6</name>
			<style>uppercase</style>
			<filename>lyrics/Luckiest Guy.ttf</filename>
			<size>110</size>
		</font>
		<font>
			<name>lyr6a</name>
			<style>uppercase</style>
			<filename>lyrics/Luckiest Guy.ttf</filename>
			<size>165</size>
		</font>
		<font>
			<name>lyr6b</name>
			<style>uppercase</style>
			<filename>lyrics/Luckiest Guy.ttf</filename>
			<size>220</size>
		</font>
		<font>
			<name>lyr6c</name>
			<filename>lyrics/Exo2-Black.ttf</filename>
			<linespacing>0.80</linespacing>
			<size>56</size>
		</font>
		<font>
			<name>lyr7</name>
			<filename>lyrics/Theboldfont.ttf</filename>
			<size>120</size>
		</font>
		<font>
			<name>lyr7b</name>
			<filename>lyrics/PollerOne.ttf</filename>
			<linespacing>0.9</linespacing>
			<aspect>0.9</aspect>
			<size>54</size>
		</font>
		<font>
			<name>lyr8</name>
			<filename>lyrics/SF Distant Galaxy.ttf</filename>
			<style>lowercase</style>
			<linespacing>0.9</linespacing>
			<size>120</size>
		</font>
		<font>
			<name>lyr8b</name>
			<filename>lyrics/Ranchers-Regular.ttf</filename>
			<aspect>1.4</aspect>
			<linespacing>0.9</linespacing>
			<size>50</size>
		</font>
		<font>
			<name>lyr9</name>
			<filename>lyrics/Geomancy - Extra Bold.ttf</filename>
			<linespacing>0.9</linespacing>
			<size>130</size>
		</font>
		<font>
			<name>lyr9b</name>
			<filename>lyrics/hemi head bd it.ttf</filename>
			<style>bold</style>
			<linespacing>0.85</linespacing>
			<size>54</size>
		</font>
		<font>
			<name>lyr10</name>
			<style>uppercase</style>
			<filename>lyrics/Luckiest Guy.ttf</filename>
			<size>170</size>
		</font>
		<font>
			<name>lyr10b</name>
			<style>uppercase</style>
			<filename>lyrics/Luckiest Guy.ttf</filename>
			<size>145</size>
		</font>
		<font>
			<name>lyr10c</name>
			<style>uppercase</style>
			<filename>lyrics/Luckiest Guy.ttf</filename>
			<size>120</size>
		</font>
		<font>
			<name>lyr10d</name>
			<filename>lyrics/Exo2-Black.ttf</filename>
			<linespacing>0.80</linespacing>
			<size>56</size>
		</font>
		<font>
			<name>lyr11</name>
			<filename>lyrics/Theboldfont.ttf</filename>
			<size>120</size>
		</font>
		<font>
			<name>lyr11b</name>
			<filename>lyrics/PollerOne.ttf</filename>
			<linespacing>0.9</linespacing>
			<aspect>0.9</aspect>
			<size>54</size>
		</font>
		<font>
			<name>lyr12</name>
			<filename>lyrics/BOXING.ttf</filename>
			<style>lowercase</style>
			<linespacing>0.9</linespacing>
			<size>275</size>
		</font>
		<font>
			<name>lyr12b</name>
			<filename>lyrics/BOXING.ttf</filename>
			<style>lowercase</style>
			<linespacing>0.9</linespacing>
			<size>165</size>
		</font>
		<font>
			<name>lyr12c</name>
			<filename>lyrics/BOXING.ttf</filename>
			<style>lowercase</style>
			<linespacing>0.9</linespacing>
			<size>220</size>
		</font>
		<font>
			<name>lyr12d</name>
			<filename>lyrics/FredokaOne-Regular.ttf</filename>
			<linespacing>0.9</linespacing>
			<size>58</size>
		</font>
		<font>
			<name>lyr13</name>
			<filename>lyrics/SF Distant Galaxy.ttf</filename>
			<style>lowercase</style>
			<linespacing>0.9</linespacing>
			<size>120</size>
		</font>
		<font>
			<name>lyr13b</name>
			<filename>lyrics/Ranchers-Regular.ttf</filename>
			<aspect>1.4</aspect>
			<linespacing>0.9</linespacing>
			<size>50</size>
		</font>
		<font>
			<name>lyr14</name>
			<style>uppercase</style>
			<filename>lyrics/Luckiest Guy.ttf</filename>
			<size>130</size>
		</font>
		<font>
			<name>lyr14b</name>
			<style>uppercase</style>
			<filename>lyrics/Luckiest Guy.ttf</filename>
			<size>150</size>
		</font>
		<font>
			<name>lyr14c</name>
			<style>uppercase</style>
			<filename>lyrics/Luckiest Guy.ttf</filename>
			<size>170</size>
		</font>
		<font>
			<name>lyr14d</name>
			<filename>lyrics/Exo2-Black.ttf</filename>
			<linespacing>0.8</linespacing>
			<size>56</size>
		</font>
		<font>
			<name>lyr15</name>
			<filename>lyrics/Geomancy - Extra Bold.ttf</filename>
			<linespacing>0.9</linespacing>
			<size>130</size>
		</font>
		<font>
			<name>lyr15b</name>
			<filename>lyrics/hemi head bd it.ttf</filename>
			<style>bold</style>
			<linespacing>0.85</linespacing>
			<size>54</size>
		</font>
		<font>
			<name>lyr16</name>
			<filename>lyrics/Theboldfont.ttf</filename>
			<size>120</size>
		</font>
		<font>
			<name>lyr16b</name>
			<filename>lyrics/PollerOne.ttf</filename>
			<linespacing>0.9</linespacing>
			<aspect>0.9</aspect>
			<size>54</size>
		</font>
		<font>
			<name>lyr17</name>
			<style>uppercase</style>
			<filename>lyrics/Luckiest Guy.ttf</filename>
			<size>110</size>
		</font>
		<font>
			<name>lyr17a</name>
			<style>uppercase</style>
			<filename>lyrics/Luckiest Guy.ttf</filename>
			<size>165</size>
		</font>
		<font>
			<name>lyr17b</name>
			<style>uppercase</style>
			<filename>lyrics/Luckiest Guy.ttf</filename>
			<size>220</size>
		</font>
		<font>
			<name>lyr17c</name>
			<filename>lyrics/Exo2-Black.ttf</filename>
			<linespacing>0.80</linespacing>
			<size>56</size>
		</font>
		<font>
			<name>lyr18</name>
			<filename>lyrics/Geomancy - Extra Bold.ttf</filename>
			<linespacing>0.9</linespacing>
			<size>120</size>
		</font>
		<font>
			<name>lyr18b</name>
			<filename>lyrics/hemi head bd it.ttf</filename>
			<style>bold</style>
			<linespacing>0.85</linespacing>
			<size>54</size>
		</font>
		<font>
			<name>lyr19</name>
			<filename>lyrics/BOXING.ttf</filename>
			<style>lowercase</style>
			<linespacing>0.9</linespacing>
			<size>230</size>
		</font>
		<font>
			<name>lyr19b</name>
			<filename>lyrics/BOXING.ttf</filename>
			<style>lowercase</style>
			<linespacing>0.9</linespacing>
			<size>170</size>
		</font>
		<font>
			<name>lyr19c</name>
			<filename>lyrics/BOXING.ttf</filename>
			<style>lowercase</style>
			<linespacing>0.9</linespacing>
			<size>115</size>
		</font>
		<font>
			<name>lyr19d</name>
			<filename>lyrics/FredokaOne-Regular.ttf</filename>
			<linespacing>0.9</linespacing>
			<size>58</size>
		</font>
		<font>
			<name>lyr20</name>
			<filename>lyrics/SF Distant Galaxy.ttf</filename>
			<style>lowercase</style>
			<linespacing>0.9</linespacing>
			<size>120</size>
		</font>
		<font>
			<name>lyr20b</name>
			<filename>lyrics/Ranchers-Regular.ttf</filename>
			<aspect>1.4</aspect>
			<linespacing>0.9</linespacing>
			<size>50</size>
		</font>
		<!-- Normal Fonts -->
		<font>
			<name>fontArial15</name>
			<filename>OpenSansHebrew-Bold.ttf</filename>
			<size>35</size>
		</font>
		<font>
			<name>font10</name>
			<filename>OpenSansHebrew-Bold.ttf</filename>
			<size>18</size>
		</font>
		<font>
			<name>font11_compact</name>
			<filename>OpenSansHebrew-Bold.ttf</filename>
			<size>20</size>
			<linespacing>.8</linespacing>
		</font>
		<font>
			<name>font12</name>
			<filename>OpenSansHebrew-Bold.ttf</filename>
			<size>23</size>
		</font>
		<font>
			<name>font13</name>
			<filename>OpenSansHebrew-Bold.ttf</filename>
			<size>26</size>
		</font>
		<font>
			<name>font13_bold</name>
			<filename>OpenSansHebrew-Bold.ttf</filename>
			<style>bold</style>
			<size>26</size>
		</font>
		<font>
			<name>font14_textbox</name>
			<filename>OpenSansHebrew-Bold.ttf</filename>
			<size>30</size>
			<linespacing>1.27</linespacing>
		</font>
		<font>
			<name>font14_textbox2</name>
			<filename>OpenSansHebrew-Bold.ttf</filename>
			<size>30</size>
			<linespacing>1.1</linespacing>
		</font>
		<font>
			<name>font15_textbox</name>
			<filename>OpenSansHebrew-Bold.ttf</filename>
			<size>32</size>
			<linespacing>1.4</linespacing>
		</font>
		<font>
			<name>font15_textbox2</name>
			<filename>OpenSansHebrew-Bold.ttf</filename>
			<size>32</size>
			<linespacing>1.26</linespacing>
		</font>
		<font>
			<name>font14</name>
			<filename>OpenSansHebrew-Bold.ttf</filename>
			<size>30</size>
		</font>
		<font>
			<name>font15</name>
			<filename>OpenSansHebrew-Bold.ttf</filename>
			<size>35</size>
		</font>
		<font>
			<name>font15_bold</name>
			<filename>OpenSansHebrew-Bold.ttf</filename>
			<style>bold</style>
			<size>32</size>
		</font>
		<font>
			<name>font16</name>
			<filename>OpenSansHebrew-Bold.ttf</filename>
			<size>35</size>
		</font>
		<font>
			<name>font16_bold</name>
			<filename>OpenSansHebrew-Bold.ttf</filename>
			<style>bold</style>
			<size>35</size>
		</font>
		<font>
			<name>font16_textbox</name>
			<filename>OpenSansHebrew-Bold.ttf</filename>
			<size>35</size>
			<linespacing>1.4</linespacing>
		</font>
		<font>
			<name>font16bold_textbox</name>
			<filename>OpenSansHebrew-Bold.ttf</filename>
			<style>bold</style>
			<size>35</size>
			<linespacing>1.5</linespacing>
		</font>
		<font>
			<name>font30</name>
			<filename>OpenSansHebrew-Bold.ttf</filename>
			<size>42</size>
		</font>
		<font>
			<name>font48</name>
			<filename>OpenSansHebrew-Bold.ttf</filename>
			<size>45</size>
		</font>
		<font>
			<name>font48_bold</name>
			<filename>OpenSansHebrew-Bold.ttf</filename>
			<style>bold</style>
			<size>45</size>
		</font>
		<font>
			<name>font52_bold</name>
			<filename>OpenSansHebrew-Bold.ttf</filename>
			<style>bold</style>
			<size>49</size>
		</font>
		<!-- LiveTV Fonts -->
		<font>
			<name>font65</name>
			<filename>OpenSansHebrew-Bold.ttf</filename>
			<size>62</size>
		</font>
		<font>
			<name>font58</name>
			<filename>OpenSansHebrew-Bold.ttf</filename>
			<size>55</size>
		</font>
		<font>
			<name>font24_bold</name>
			<filename>OpenSansHebrew-Bold.ttf</filename>
			<size>21</size>
			<style>bold</style>
		</font>
		<font>
			<name>font28_bold</name>
			<filename>OpenSansHebrew-Bold.ttf</filename>
			<size>25</size>
			<style>bold</style>
		</font>
		<font>
			<name>font52_bold</name>
			<filename>OpenSansHebrew-Bold.ttf</filename>
			<style>bold</style>
			<size>45</size>
		</font>
		<font>
			<name>font11</name>
			<filename>OpenSansHebrew-Bold.ttf</filename>
			<size>21</size>
		</font>
		<font>
			<name>font12b</name>
			<filename>OpenSansHebrew-Bold.ttf</filename>
			<size>24</size>
		</font>
		<font>
			<name>font13b</name>
			<filename>OpenSansHebrew-Bold.ttf</filename>
			<size>29</size>
		</font>
		<!-- Title Fonts -->
		<font>
			<name>font12_title</name>
			<filename>OpenSansHebrew-Bold.ttf</filename>
			<style>uppercase</style>
			<size>23</size>
		</font>
		<font>
			<name>font13_title</name>
			<filename>OpenSansHebrew-Bold.ttf</filename>
			<style>uppercase</style>
			<size>27</size>
		</font>
		<font>
			<name>font14_title</name>
			<filename>OpenSansHebrew-Bold.ttf</filename>
			<style>uppercase</style>
			<size>30</size>
		</font>
		<font>
			<name>font15_title</name>
			<filename>OpenSansHebrew-Bold.ttf</filename>
			<style>uppercase</style>
			<size>32</size>
		</font>
		<font>
			<name>font16_title</name>
			<filename>OpenSansHebrew-Bold.ttf</filename>
			<style>uppercase</style>
			<size>35</size>
		</font>
		<font>
			<name>font16_title_bold</name>
			<filename>OpenSansHebrew-Bold.ttf</filename>
			<style>uppercase bold</style>
			<size>35</size>
		</font>
		<font>
			<name>font24_title</name>
			<filename>OpenSansHebrew-Bold.ttf</filename>
			<style>uppercase</style>
			<size>33</size>
		</font>
		<font>
			<name>font28_title</name>
			<filename>OpenSansHebrew-Bold.ttf</filename>
			<style>uppercase</style>
			<size>39</size>
		</font>
		<font>
			<name>font30_title</name>
			<filename>OpenSansHebrew-Bold.ttf</filename>
			<style>uppercase</style>
			<size>42</size>
		</font>
		<font>
			<name>font30_title_bold</name>
			<filename>OpenSansHebrew-Bold.ttf</filename>
			<style>uppercase bold</style>
			<size>42</size>
		</font>
		<font>
			<name>font48_title</name>
			<filename>OpenSansHebrew-Bold.ttf</filename>
			<style>uppercase</style>
			<size>45</size>
		</font>
		<font>
			<name>font35_title</name>
			<filename>OpenSansHebrew-Bold.ttf</filename>
			<style>uppercase</style>
			<size>49</size>
		</font>
		<font>
			<name>font45caps_title</name>
			<filename>OpenSansHebrew-Bold.ttf</filename>
			<style>uppercase</style>
			<size>65</size>
		</font>
		<font>
			<name>font80caps_title</name>
			<filename>OpenSansHebrew-Bold.ttf</filename>
			<style>uppercase</style>
			<size>77</size>
		</font>
		<font>
			<name>font_musicviz</name>
			<filename>OpenSansHebrew-Bold.ttf</filename>
			<linespacing>0</linespacing>
			<style>uppercase</style>
			<size>65</size>
		</font>
		<font>
			<name>font_skinversion</name>
			<filename>LeagueGothic-Regular.ttf</filename>
			<linespacing>0</linespacing>
			<size>65</size>
		</font>
		<font>
			<name>font_kodiversion</name>
			<filename>LeagueGothic-Regular.ttf</filename>
			<linespacing>0</linespacing>
			<size>50</size>
		</font>
		<font>
			<name>font_MainMenu</name>
			<filename>OpenSansHebrew-Bold.ttf</filename>
			<linespacing>0</linespacing>
			<style>uppercase</style>
			<size>75</size>
		</font>
		<font>
			<name>font_VerticalMainMenu</name>
			<filename>OpenSansHebrew-Bold.ttf</filename>
			<style>uppercase</style>
			<size>55</size>
		</font>
		<font>
			<name>BigAssFont</name>
			<filename>OpenSansHebrew-Bold.ttf</filename>
			<size>550</size>
		</font>
		<font>
			<name>WeatherTemp</name>
			<filename>OpenSansHebrew-Bold.ttf</filename>
			<style>uppercase</style>
			<size>117</size>
		</font>
		<!-- Icons -->
		<font>
			<name>IconTiny</name>
			<filename>webhostinghub-glyphs.ttf</filename>
			<size>26</size>
		</font>
		<font>
			<name>IconSmall</name>
			<filename>webhostinghub-glyphs.ttf</filename>
			<size>30</size>
		</font>
		<font>
			<name>IconMedium</name>
			<filename>webhostinghub-glyphs.ttf</filename>
			<size>36</size>
		</font>
		<font>
			<name>IconMediumMD</name>
			<filename>MaterialIcons-Regular.ttf</filename>
			<size>50</size>
		</font>
		<font>
			<name>CloseButton</name>
			<filename>webhostinghub-glyphs.ttf</filename>
			<size>20</size>
		</font>
		<!-- Misc Fonts -->
		<font>
			<name>fontCDartist</name>
			<filename>PermanentMarker.ttf</filename>
			<size>45</size>
			<linespacing>.8</linespacing>
		</font>
		<font>
			<name>fontCDalbum</name>
			<filename>PermanentMarker.ttf</filename>
			<size>36</size>
			<linespacing>.8</linespacing>
		</font>
		<font>
			<name>fontScriptLyrics</name>
			<filename>gnyrwn971.ttf</filename>
			<size>55</size>
		</font>
        <font>
            <name>Font-Header</name>
            <filename>OpenSansHebrew-Bold.ttf</filename>
            <size>70</size>
        </font>
        <font>
            <name>Font-Header2</name>
            <filename>OpenSansHebrew-Bold.ttf</filename>
            <size>60</size>
        </font> 
        <font>
            <name>Font-Header3</name>
            <filename>OpenSansHebrew-Bold.ttf</filename>
            <size>80</size>
        </font>               
        <font>
            <name>Font-View</name>
            <filename>OpenSansHebrew-Bold.ttf</filename>
            <size>50</size>
        </font>
        <font>
            <name>Font-Sublabel</name>
            <filename>OpenSansHebrew-Bold.ttf</filename>
            <size>24</size>
        </font>
        <font>
            <name>Font-Sublabel_2</name>
            <filename>OpenSansHebrew-Bold.ttf</filename>
            <size>24</size>
        </font>
        <font>
            <name>Font-Sublabel_3</name>
            <filename>OpenSansHebrew-Bold.ttf</filename>
            <size>20</size>
        </font>                 
        <font>
            <name>Font-HomeMenu</name>
            <filename>OpenSansHebrew-Bold.ttf</filename>
            <size>27</size>
        </font>
        <font>
            <name>Font-Button</name>
            <filename>OpenSansHebrew-Bold.ttf</filename>
            <size>33</size>
        </font>
        <font>
            <name>Font-Button-Black</name>
            <filename>OpenSansHebrew-Bold.ttf</filename>
            <size>35</size>
        </font>
        <font>
            <name>Font-ListInfo-Bold</name>
            <filename>OpenSansHebrew-Bold.ttf</filename>
            <size>30</size>
            <linespacing>1.08</linespacing>
        </font>
        <font>
            <name>Font-ListInfo</name>
            <filename>OpenSansHebrew-Bold.ttf</filename>
            <size>32</size>
            <linespacing>0.90</linespacing>
        </font>
		<font>
            <name>Font-ListInfo1</name>
            <filename>OpenSansHebrew-Bold.ttf</filename>
            <size>26</size>
            <linespacing>0.90</linespacing>
        </font>
			<font>
            <name>Font-ListInfo5</name>
            <filename>OpenSansHebrew-Bold.ttf</filename>
            <size>28</size>
            <linespacing>0.90</linespacing>
        </font>
			<font>
            <name>Font-ListInfo6</name>
            <filename>OpenSansHebrew-Bold.ttf</filename>
            <size>40</size>
            <linespacing>0.90</linespacing>
        </font>
         <font>
            <name>Font-ListInfo2</name>
            <filename>OpenSansHebrew-Bold.ttf</filename>
            <size>35</size>
            <linespacing>0.90</linespacing>
        </font>
         <font>
            <name>Font-ListInfo3</name>
            <filename>OpenSansHebrew-Bold.ttf</filename>
            <size>24</size>
            <linespacing>0.90</linespacing>
        </font>
        <font>
            <name>Font-ListInfo-Big</name>
            <filename>OpenSansHebrew-Bold.ttf</filename>
            <size>38</size>
            <linespacing>1.08</linespacing>
        </font>
        <font>
            <name>Font-ListInfo-Small</name>
            <filename>OpenSansHebrew-Bold.ttf</filename>
            <size>27</size>
        </font>
        <font>
            <name>Font-RSS</name>
            <filename>OpenSansHebrew-Bold.ttf</filename>
            <size>25</size>
        </font>
        <font>
            <name>Font-ListInfo-Small-Bold</name>
            <filename>OpenSansHebrew-Bold.ttf</filename>
            <size>27</size>
        </font>
        <font>
            <name>Font-OSD</name>
            <filename>OpenSansHebrew-Bold.ttf</filename>
            <size>25</size>
            <aspect>0.9</aspect>
        </font>
        <font>
            <name>Font-InfoBox-Title</name>
            <filename>OpenSansHebrew-Regular.ttf</filename>
            <size>36</size>
        </font>
        <font>
            <name>Font-WidgetInfoTitle</name>
            <filename>OpenSansHebrew-Bold.ttf</filename>
            <size>48</size>
        </font>
        
        <font>
            <name>font13</name>
            <filename>OpenSansHebrew-Bold.ttf</filename>
            <size>21</size>
        </font>
		<font>
			<name>spotimc_font14</name>
			<filename>OpenSansHebrew-Bold.ttf</filename>
			<size>14</size>
		</font>
		<font>
			<name>spotimc_font16</name>
			<filename>OpenSansHebrew-Bold.ttf</filename>
			<size>16</size>
		</font>
		<font>
			<name>spotimc_font18</name>
			<filename>OpenSansHebrew-Bold.ttf</filename>
			<size>18</size>
		</font>
		<font>
			<name>spotimc_font20</name>
			<filename>OpenSansHebrew-Bold.ttf</filename>
			<size>20</size>
		</font>
		<font>
			<name>spotimc_font22</name>
			<filename>OpenSansHebrew-Bold.ttf</filename>
			<size>22</size>
		</font>
		<font>
			<name>spotimc_font24</name>
			<filename>OpenSansHebrew-Bold.ttf</filename>
			<size>24</size>
		</font>
		<font>
			<name>spotimc_font32</name>
			<filename>OpenSansHebrew-Bold.ttf</filename>
			<size>32</size>
		</font>
		<font>
			<name>spotimc_font48</name>
			<filename>OpenSansHebrew-Bold.ttf</filename>
			<size>48</size>
		</font>
		<font>
			<name>spotimc_font60</name>
			<filename>OpenSansHebrew-Bold.ttf</filename>
			<size>60</size>
		</font>
		<font>
			<name>spotimc_font14</name>
			<filename>OpenSansHebrew-Bold.ttf</filename>
			<size>14</size>
		</font>
		<font>
			<name>spotimc_font16</name>
			<filename>OpenSansHebrew-Bold.ttf</filename>
			<size>16</size>
		</font>
		<font>
			<name>spotimc_font18</name>
			<filename>OpenSansHebrew-Bold.ttf</filename>
			<size>18</size>
		</font>
		<font>
			<name>spotimc_font20</name>
			<filename>OpenSansHebrew-Bold.ttf</filename>
			<size>20</size>
		</font>
		<font>
			<name>spotimc_font22</name>
			<filename>OpenSansHebrew-Bold.ttf</filename>
			<size>22</size>
		</font>
		<font>
			<name>spotimc_font24</name>
			<filename>OpenSansHebrew-Bold.ttf</filename>
			<size>24</size>
		</font>
		<font>
			<name>spotimc_font32</name>
			<filename>OpenSansHebrew-Bold.ttf</filename>
			<size>32</size>
		</font>
		<font>
			<name>spotimc_font48</name>
			<filename>OpenSansHebrew-Bold.ttf</filename>
			<size>48</size>
		</font>
		<font>
			<name>spotimc_font60</name>
			<filename>OpenSansHebrew-Bold.ttf</filename>
			<size>60</size>
		</font>
        <font>
            <name>Lyrics</name>
            <filename>OpenSansHebrew-Bold.ttf</filename>
            <size>120</size>
        </font>
		<font>
			<name>lyrics1</name>
			<filename>OpenSansHebrew-Bold.ttf</filename>
			<style>lowercase</style>
			<linespacing>0.9</linespacing>
			<size>120</size>
		</font>
		<font>
			<name>lyrics1b</name>
			<filename>OpenSansHebrew-Bold.ttf</filename>
			<linespacing>0.8</linespacing>
			<size>75</size>
		</font>
		<font>
			<name>lyrics2</name>
			<filename>OpenSansHebrew-Bold.ttf</filename>
			<linespacing>0.9</linespacing>
			<size>120</size>
		</font>
		<font>
			<name>lyrics2b</name>
			<filename>OpenSansHebrew-Bold.ttf</filename>
			<linespacing>0.85</linespacing>
			<size>62</size>
		</font>
		<font>
			<name>lyrics3</name>
			<filename>OpenSansHebrew-Bold.ttf</filename>
			<linespacing>0.9</linespacing>
			<size>120</size>
		</font>
		<font>
			<name>lyrics3b</name>
			<filename>OpenSansHebrew-Bold.ttf</filename>
			<linespacing>0.85</linespacing>
			<size>62</size>
		</font>
		<font>
			<name>lyrics4</name>
			<filename>OpenSansHebrew-Bold.ttf</filename>
			<linespacing>0.8</linespacing>
			<size>60</size>
		</font>
		<font>
			<name>lyrics4b</name>
			<filename>OpenSansHebrew-Bold.ttf</filename>
			<linespacing>0.9</linespacing>
			<size>120</size>
		</font>
		<font>
			<name>lyrics5</name>
			<style>uppercase</style>
			<filename>OpenSansHebrew-Bold.ttf</filename>
			<size>140</size>
		</font>
		<font>
			<name>lyrics5b</name>
			<filename>OpenSansHebrew-Bold.ttf</filename>
			<linespacing>0.8</linespacing>
			<size>75</size>
		</font>
		<font>
			<name>lyrics6</name>
			<filename>OpenSansHebrew-Bold.ttf</filename>
			<aspect>1.3</aspect>
			<style>lowercase</style>
			<linespacing>0.9</linespacing>
			<size>104</size>
		</font>
		<font>
			<name>lyrics6b</name>
			<filename>OpenSansHebrew-Bold.ttf</filename>
			<linespacing>0.8</linespacing>
			<size>60</size>
		</font>
		<font>
			<name>lyrics7</name>
			<filename>OpenSansHebrew-Bold.ttf</filename>
			<style>lowercase</style>
			<linespacing>0.9</linespacing>
			<size>120</size>
		</font>
		<font>
			<name>lyrics7b</name>
			<filename>OpenSansHebrew-Bold.ttf</filename>
			<linespacing>0.85</linespacing>
			<size>62</size>
		</font>
		<font>
			<name>lyrics8</name>
			<filename>OpenSansHebrew-Bold.ttf</filename>
			<linespacing>0.9</linespacing>
			<size>120</size>
		</font>
		<font>
			<name>lyrics8b</name>
			<filename>OpenSansHebrew-Bold.ttf</filename>
			<linespacing>0.85</linespacing>
			<size>70</size>
		</font>
		<font>
			<name>lyrics9</name>
			<filename>OpenSansHebrew-Bold.ttf</filename>
			<style>lowercase</style>
			<linespacing>0.9</linespacing>
			<size>275</size>
		</font>
		<font>
			<name>lyrics9b</name>
			<filename>OpenSansHebrew-Bold.ttf</filename>
			<style>lowercase</style>
			<linespacing>0.9</linespacing>
			<size>165</size>
		</font>
		<font>
			<name>lyrics9c</name>
			<filename>OpenSansHebrew-Bold.ttf</filename>
			<style>lowercase</style>
			<linespacing>0.9</linespacing>
			<size>220</size>
		</font>
		<font>
			<name>lyrics9d</name>
			<filename>OpenSansHebrew-Bold.ttf</filename>
			<linespacing>0.85</linespacing>
			<size>60</size>
		</font>
		<font>
			<name>lyrics0</name>
			<style>uppercase</style>
			<filename>OpenSansHebrew-Bold.ttf</filename>
			<size>125</size>
		</font>
		<font>
			<name>lyrics0a</name>
			<style>uppercase</style>
			<filename>OpenSansHebrew-Bold.ttf</filename>
			<size>175</size>
		</font>
		<font>
			<name>lyrics0b</name>
			<style>uppercase</style>
			<filename>OpenSansHebrew-Bold.ttf</filename>
			<size>225</size>
		</font>
		<font>
			<name>lyrics0c</name>
			<filename>OpenSansHebrew-Bold.ttf</filename>
			<linespacing>0.85</linespacing>
			<size>70</size>
		</font>
		<font>
			<name>lyrics1s</name>
			<filename>OpenSansHebrew-Bold.ttf</filename>
			<linespacing>1.15</linespacing>
			<size>76</size>
		</font>
		<font>
			<name>lyrics3s</name>
			<filename>OpenSansHebrew-Bold.ttf</filename>
			<linespacing>0.80</linespacing>
			<aspect>1.1</aspect>
			<size>92</size>
		</font>
		<font>
			<name>lyrics5s</name>
			<filename>OpenSansHebrew-Bold.ttf</filename>
			<linespacing>0.8</linespacing>
			<size>80</size>
		</font>
		<font>
			<name>lyrics7s</name>
			<filename>OpenSansHebrew-Bold.ttf</filename>
			<style>bold</style>
			<linespacing>0.75</linespacing>
			<size>72</size>
		</font>
		<font>
			<name>lyrics9s</name>
			<filename>OpenSansHebrew-Bold.ttf</filename>
			<linespacing>0.85</linespacing>
			<size>80</size>
		</font>										
	</fontset>
	
	<fontset id="OpenSansHebrew Bigger">
        <!-- Bigger Fonts -->
        
        <font>
            <name>Font-Header</name>
            <filename>OpenSansHebrew-Bold.ttf</filename>
            <size>85</size>
        </font>
        <font>
            <name>Font-Header2</name>
            <filename>OpenSansHebrew-Bold.ttf</filename>
            <size>70</size>
        </font> 
        <font>
            <name>Font-Header3</name>
            <filename>OpenSansHebrew-Bold.ttf</filename>
            <size>90</size>
        </font>               
        <font>
            <name>Font-View</name>
            <filename>OpenSansHebrew-Regular.ttf</filename>
            <size>60</size>
        </font>
        <font>
            <name>Font-Sublabel</name>
            <filename>OpenSansHebrew-Bold.ttf</filename>
            <size>34</size>
        </font>
        <font>
            <name>Font-Sublabel_2</name>
            <filename>OpenSansHebrew-Bold.ttf</filename>
            <size>31</size>
        </font>
        <font>
            <name>Font-Sublabel_3</name>
            <filename>OpenSansHebrew-Bold.ttf</filename>
            <size>30</size>
        </font>                 
        <font>
            <name>Font-HomeMenu</name>
            <filename>arial.ttf</filename>
            <size>38</size>
        </font>
        <font>
            <name>Font-Button</name>
            <filename>OpenSansHebrew-Regular.ttf</filename>
            <size>42</size>
        </font>
        <font>
            <name>Font-Button-Black</name>
            <filename>arial.ttf</filename>
            <size>42</size>
        </font>
        <font>
            <name>Font-ListInfo-Bold</name>
            <filename>arial.ttf</filename>
            <size>40</size>
            <linespacing>1.08</linespacing>
        </font>
        <font>
            <name>Font-ListInfo</name>
            <filename>OpenSansHebrew-Regular.ttf</filename>
            <size>40</size>
            <linespacing>1.08</linespacing>
        </font>
        <font>
            <name>Font-ListInfo-Big</name>
            <filename>arial.ttf</filename>
            <size>48</size>
            <linespacing>1.08</linespacing>
        </font>
        <font>
            <name>Font-ListInfo-Small</name>
            <filename>OpenSansHebrew-Regular.ttf</filename>
            <size>37</size>
        </font>
        <font>
            <name>Font-RSS</name>
            <filename>OpenSansHebrew-Bold.ttf</filename>
            <size>34</size>
        </font>
        <font>
            <name>Font-ListInfo-Small-Bold</name>
            <filename>OpenSansHebrew-Bold.ttf</filename>
            <size>37</size>
        </font>
        <font>
            <name>Font-OSD</name>
            <filename>arial.ttf</filename>
            <size>35</size>
            <aspect>0.9</aspect>
        </font>
        <font>
            <name>Font-InfoBox-Title</name>
            <filename>OpenSansHebrew-Regular.ttf</filename>
            <size>36</size>
        </font>
        <font>
            <name>Font-WidgetInfoTitle</name>
            <filename>OpenSansHebrew-Bold.ttf</filename>
            <size>48</size>
        </font>
        
        <font>
            <name>font13</name>
            <filename>arial.ttf</filename>
            <size>31</size>
        </font>
		<font>
			<name>spotimc_font14</name>
			<filename>spotimc.ttf</filename>
			<size>24</size>
		</font>
		<font>
			<name>spotimc_font16</name>
			<filename>spotimc.ttf</filename>
			<size>26</size>
		</font>
		<font>
			<name>spotimc_font18</name>
			<filename>spotimc.ttf</filename>
			<size>28</size>
		</font>
		<font>
			<name>spotimc_font20</name>
			<filename>spotimc.ttf</filename>
			<size>30</size>
		</font>
		<font>
			<name>spotimc_font22</name>
			<filename>spotimc.ttf</filename>
			<size>32</size>
		</font>
		<font>
			<name>spotimc_font24</name>
			<filename>spotimc.ttf</filename>
			<size>34</size>
		</font>
		<font>
			<name>spotimc_font32</name>
			<filename>spotimc.ttf</filename>
			<size>42</size>
		</font>
		<font>
			<name>spotimc_font48</name>
			<filename>spotimc.ttf</filename>
			<size>48</size>
		</font>
		<font>
			<name>spotimc_font60</name>
			<filename>spotimc.ttf</filename>
			<size>70</size>
		</font>
		<font>
			<name>spotimc_font14</name>
			<filename>spotimc.ttf</filename>
			<size>24</size>
		</font>
		<font>
			<name>spotimc_font16</name>
			<filename>spotimc.ttf</filename>
			<size>26</size>
		</font>
		<font>
			<name>spotimc_font18</name>
			<filename>spotimc.ttf</filename>
			<size>28</size>
		</font>
		<font>
			<name>spotimc_font20</name>
			<filename>spotimc.ttf</filename>
			<size>30</size>
		</font>
		<font>
			<name>spotimc_font22</name>
			<filename>spotimc.ttf</filename>
			<size>32</size>
		</font>
		<font>
			<name>spotimc_font24</name>
			<filename>spotimc.ttf</filename>
			<size>34</size>
		</font>
		<font>
			<name>spotimc_font32</name>
			<filename>spotimc.ttf</filename>
			<size>42</size>
		</font>
		<font>
			<name>spotimc_font48</name>
			<filename>spotimc.ttf</filename>
			<size>58</size>
		</font>
		<font>
			<name>spotimc_font60</name>
			<filename>spotimc.ttf</filename>
			<size>70</size>
		</font>
	</fontset>   

</fonts>