<settings>
    <setting id="connection_speed" value="50" />
    <setting id="connections_limit" value="200" />
    <setting id="debug" value="false" />
    <setting id="dht_routers" value="" />
    <setting id="download_kbps" value="0" />
    <setting id="enable_dht" value="true" />
    <setting id="enable_lsd" value="true" />
    <setting id="enable_natpmp" value="true" />
    <setting id="enable_scrape" value="false" />
    <setting id="enable_tcp" value="true" />
    <setting id="enable_upnp" value="true" />
    <setting id="enable_utp" value="true" />
    <setting id="encryption" value="1" />
    <setting id="last_update_id" value="1.7.2.2" />
    <setting id="listen_port" value="6881" />
    <setting id="max_failcount" value="3" />
    <setting id="min_reconnect_time" value="60" />
    <setting id="movies_download_path" value="C:\Users\Home\AppData\Roaming\Kodi\cache\" />
    <setting id="movies_hearing_impaired" value="false" />
    <setting id="movies_keep_complete" value="false" />
    <setting id="movies_keep_files" value="false" />
    <setting id="movies_keep_incomplete" value="false" />
    <setting id="movies_metadata_lastchanged" value="1505912618.47" />
    <setting id="movies_metadata_provider" value="0" />
    <setting id="movies_metadata_provider_old" value="None" />
    <setting id="movies_play3d" value="0" />
    <setting id="movies_preferred_subtitles_old" value="[]" />
    <setting id="movies_prioritere_impaired_old" value="False" />
    <setting id="movies_proxies" value="" />
    <setting id="movies_quality" value="1" />
    <setting id="movies_subtitle_language0" value="0" />
    <setting id="movies_subtitle_language1" value="0" />
    <setting id="movies_subtitle_language2" value="0" />
    <setting id="movies_subtitle_lastchanged" value="1505912618.44" />
    <setting id="movies_subtitle_provider" value="1" />
    <setting id="movies_subtitles_provider_old" value="None" />
    <setting id="movies_syslang" value="" />
    <setting id="movies_syslang_old" value="he" />
    <setting id="peer_connect_timeout" value="15" />
    <setting id="torrent_connect_boost" value="50" />
    <setting id="trackers" value="" />
    <setting id="upload_kbps" value="0" />
    <setting id="use_random_port" value="true" />
</settings>