<?xml version="1.0" encoding="UTF-8" standalone="yes"?>
<addon id="repository.mbtvaddons" name="[COLOR orchid]MBTV[/COLOR] Addons Repository" version="2.0.1" provider-name="MeirB88">
    <extension point="xbmc.addon.repository" name="Example Repository">
        <dir>
            <info compressed="false">https://raw.githubusercontent.com/MeirB88/addons/master/repo/zips/addons.xml</info>
            <checksum>https://raw.githubusercontent.com/MeirB88/addons/master/repo/zips/addons.xml.md5</checksum>
            <datadir zip="true">https://raw.githubusercontent.com/MeirB88/addons/master/repo/zips/</datadir>
        </dir>
    </extension>
    <extension point="xbmc.addon.metadata">
        <summary>[COLOR orchid]MBTV[/COLOR]Repository</summary>
        <description>Addons for [COLOR orchid]MBTV[/COLOR] build.</description>
        <disclaimer></disclaimer> 
        <platform>all</platform>
        <assets>
            <icon>icon.png</icon>
            <fanart>fanart.jpg</fanart>
        </assets>
    </extension>
</addon>