<keymap><global><keyboard><key id="61495">PlayMedia(&quot;plugin://plugin.video.idanplus/?moredata=best&amp;name=+%5BCOLOR+burlywood%5D%5B00%3A14-00%3A39%5D%5B%2FCOLOR%5D+%5BCOLOR+orange%5D%5BB%5D%D7%9E%D7%94+%D7%94%D7%93%D7%99%D7%91%D7%95%D7%A8+-+%D7%A1%D7%91%D7%99%D7%91%D7%94%28%D7%A9.%D7%97%29%5B%2FB%5D%5B%2FCOLOR%5D+-+%5BCOLOR+yellow%5D%5BB%5D%D7%9B%D7%90%D7%9F+%D7%97%D7%99%D7%A0%D7%95%D7%9B%D7%99%D7%AA+23%5B%2FB%5D%5B%2FCOLOR%5D+&amp;url=23&amp;iconimage=C%253A%255CUsers%255CHome%255CAppData%255CRoaming%255CKodi%255Caddons%255Cplugin.video.idanplus%255Cresources%255Cimages%255C23tv.jpg&amp;module=kan&amp;mode=10&quot;)</key><key id="61496">SetProperty(quicknavsetup,1,home)</key><key id="61494">PlayMedia(&quot;plugin://plugin.video.idanplus/?moredata=best&amp;name=+%5BCOLOR+burlywood%5D%5B00%3A30-00%3A55%5D%5B%2FCOLOR%5D+%5BCOLOR+orange%5D%5BB%5DTV+%D7%A9%D7%95%D7%A4+%D7%90%D7%9E%D7%A8%D7%99%D7%A7%D7%94%5B%2FB%5D%5B%2FCOLOR%5D+-+%5BCOLOR+yellow%5D%5BB%5D%D7%A2%D7%A8%D7%95%D7%A5+%D7%94%D7%A7%D7%A0%D7%99%D7%95%D7%AA+21%5B%2FB%5D%5B%2FCOLOR%5D+&amp;url=21&amp;iconimage=C%253A%255CUsers%255CHome%255CAppData%255CRoaming%255CKodi%255Caddons%255Cplugin.video.idanplus%255Cresources%255Cimages%255C21tv.jpg&amp;module=21tv&amp;mode=10&quot;)</key><key id="61489">PlayMedia(&quot;plugin://plugin.video.idanplus/?moredata=best&amp;name=+%5BCOLOR+burlywood%5D%5B00%3A02-00%3A52%5D%5B%2FCOLOR%5D+%5BCOLOR+orange%5D%5BB%5D%D7%A0%D7%98%D7%A2%2C+%D7%9B%D7%A4%D7%A8%D7%94+%D7%A2%D7%9C%D7%99%D7%94.%5B%2FB%5D%5B%2FCOLOR%5D+-+%5BCOLOR+yellow%5D%5BB%5D%D7%9B%D7%90%D7%9F+11%5B%2FB%5D%5B%2FCOLOR%5D+&amp;url=11&amp;iconimage=C%253A%255CUsers%255CHome%255CAppData%255CRoaming%255CKodi%255Caddons%255Cplugin.video.idanplus%255Cresources%255Cimages%255Ckan.jpg&amp;module=kan&amp;mode=10&quot;)</key><key id="61497">PlayMedia(&quot;plugin://plugin.video.idanplus/?moredata=best&amp;name=+%5BCOLOR+burlywood%5D%5B23%3A30-01%3A00%5D%5B%2FCOLOR%5D+%5BCOLOR+orange%5D%5BB%5D20+%D7%94%D7%92%D7%93%D7%95%D7%9C%D7%99%D7%9D%5B%2FB%5D%5B%2FCOLOR%5D+-+%5BCOLOR+yellow%5D%5BB%5D%D7%9E%D7%95%D7%96%D7%99%D7%A7%D7%94+24%5B%2FB%5D%5B%2FCOLOR%5D+&amp;url=24&amp;iconimage=C%253A%255CUsers%255CHome%255CAppData%255CRoaming%255CKodi%255Caddons%255Cplugin.video.idanplus%255Cresources%255Cimages%255C24.jpg&amp;module=keshet&amp;mode=10&quot;)</key><key id="61488">activatewindow(1136)</key><key id="61493">PlayMedia(&quot;plugin://plugin.video.idanplus/?moredata=best&amp;name=+%5BCOLOR+burlywood%5D%5B00%3A10-00%3A57%5D%5B%2FCOLOR%5D+%5BCOLOR+orange%5D%5BB%5D%D7%9E%D7%A1%D7%A2+%D7%9C%D7%99%D7%9C%D7%99%5B%2FB%5D%5B%2FCOLOR%5D+-+%5BCOLOR+yellow%5D%5BB%5D%D7%9E%D7%95%D7%A8%D7%A9%D7%AA+20%5B%2FB%5D%5B%2FCOLOR%5D+&amp;url=20&amp;iconimage=C%253A%255CUsers%255CHome%255CAppData%255CRoaming%255CKodi%255Caddons%255Cplugin.video.idanplus%255Cresources%255Cimages%255C20.png&amp;module=twenty&amp;mode=10&quot;)</key><key id="61492">PlayMedia(&quot;plugin://plugin.video.idanplus/?moredata=1240800&amp;name=+%5BCOLOR+burlywood%5D%5B19%3A57-21%3A30%5D%5B%2FCOLOR%5D+%5BCOLOR+orange%5D%5BB%5D%D7%A9%D7%99%D7%A9%D7%99+%D7%A2%D7%9D+%D7%90%D7%99%D7%9C%D7%94+%D7%97%D7%A1%D7%95%D7%9F%5B%2FB%5D%5B%2FCOLOR%5D+-+%5BCOLOR+yellow%5D%5BB%5D%D7%A2%D7%A9%D7%A8+14%5B%2FB%5D%5B%2FCOLOR%5D+&amp;url=14&amp;iconimage=C%253A%255CUsers%255Cmoshe%2Bcohen%255CAppData%255CRoaming%255CKodi%255Caddons%255Cplugin.video.idanplus%255Cresources%255Cimages%255Cten.png&amp;module=ten&amp;mode=6&quot;)</key><key id="61491">PlayMedia(&quot;plugin://plugin.video.idanplus/?moredata=best&amp;name=+%5BCOLOR+burlywood%5D%5B19%3A57-21%3A30%5D%5B%2FCOLOR%5D+%5BCOLOR+orange%5D%5BB%5D%D7%90%D7%95%D7%9C%D7%A4%D7%9F+%D7%A9%D7%99%D7%A9%D7%99+%E2%80%93%D7%93%D7%A0%D7%99+%D7%A7%D7%95%D7%A9%D7%9E%D7%A8%D7%95%5B%2FB%5D%5B%2FCOLOR%5D+-+%5BCOLOR+yellow%5D%5BB%5D%D7%A8%D7%A9%D7%AA+13%5B%2FB%5D%5B%2FCOLOR%5D+&amp;url=13&amp;iconimage=C%253A%255CUsers%255Cmoshe%2Bcohen%255CAppData%255CRoaming%255CKodi%255Caddons%255Cplugin.video.idanplus%255Cresources%255Cimages%255C13.png&amp;module=reshet&amp;mode=4&quot;)</key><key id="61490">PlayMedia(&quot;plugin://plugin.video.idanplus/?moredata=best&amp;name=+%5BCOLOR+burlywood%5D%5B19%3A58-21%3A30%5D%5B%2FCOLOR%5D+%5BCOLOR+orange%5D%5BB%5D%D7%90%D7%95%D7%9C%D7%A4%D7%9F+%D7%A9%D7%99%D7%A9%D7%99%5B%2FB%5D%5B%2FCOLOR%5D+-+%5BCOLOR+yellow%5D%5BB%5D%D7%A7%D7%A9%D7%AA+12%5B%2FB%5D%5B%2FCOLOR%5D+&amp;url=12&amp;iconimage=C%253A%255CUsers%255Cmoshe%2Bcohen%255CAppData%255CRoaming%255CKodi%255Caddons%255Cplugin.video.idanplus%255Cresources%255Cimages%255Ckeshet.jpg&amp;module=keshet&amp;mode=10&quot;)</key><key id="61487">PlayMedia(&quot;plugin://plugin.video.idanplus/?moredata=best&amp;name=+%5BCOLOR+burlywood%5D%5B00%3A00-03%3A00%5D%5B%2FCOLOR%5D+%5BCOLOR+orange%5D%5BB%5D%D7%94%D7%A9%D7%99%D7%93%D7%95%D7%A8%D7%99%D7%9D+%D7%99%D7%AA%D7%97%D7%93%D7%A9%D7%95+%D7%91%D7%A9%D7%A2%D7%94+06%3A00%5B%2FB%5D%5B%2FCOLOR%5D+-+%5BCOLOR+yellow%5D%5BB%5D%D7%9E%D7%9B%D7%90%D7%9F+33%5B%2FB%5D%5B%2FCOLOR%5D+&amp;url=33&amp;iconimage=C%253A%255CUsers%255CHome%255CAppData%255CRoaming%255CKodi%255Caddons%255Cplugin.video.idanplus%255Cresources%255Cimages%255Cmakan.png&amp;module=kan&amp;mode=10&quot;)</key></keyboard></global></keymap>