<?xml version="1.0" encoding="UTF-8" standalone="yes"?>
<addon id="plugin.program.Settingz-Anon"                                                                                                                                    
	   name="Wizard Tools"                                                 
	   version="2.0.0"                                                                                                                                        
	   provider-name="Anonymous">
  <requires>
    <!-- <import addon="xbmc.python" version="2.1.0"/> -->
	<!-- <import addon="plugin.program.Anonymous" version="1.0.0"/> -->
		<import addon="script.module.requests"/>
  </requires>
  <!-- <extension point="xbmc.service" library="service.py" start="login"></extension> -->
  <extension point="xbmc.python.pluginsource" library="default.py">
    <provides>executable</provides>
  </extension>
  <extension point="xbmc.addon.metadata">
    <summary lang="he">מתקין ומתקן</summary>
    <description lang="he">מתקין ומתקן</description>
    <platform>all</platform>
	<assets>
            <icon>icon.png</icon>
            <fanart>fanart.jpg</fanart>
    </assets>
  </extension>
</addon>